{"accuracy": 0.9722222222222222, "f1_score": 0.971981721981722}